order_number,locality_number,locality_name,sector_code,sector_class,sector_name
1,4,SAN CRISTOBAL,1101,URBANO,LAS BRISAS
2,4,SAN CRISTOBAL,1102,URBANO,BUENOS AIRES
3,4,SAN CRISTOBAL,1103,URBANO,VITELMA
4,4,SAN CRISTOBAL,1104,URBANO,MOLINOS DE ORIENTE
5,4,SAN CRISTOBAL,1106,URBANO,SAN BLAS
6,4,SAN CRISTOBAL,1107,URBANO,LAS MERCEDES
7,4,SAN CRISTOBAL,1108,URBANO,SAN CRISTOBAL SUR
8,4,SAN CRISTOBAL,1109,URBANO,LA MARIA
9,4,SAN CRISTOBAL,1110,URBANO,SAN JAVIER
10,4,SAN CRISTOBAL,1111,URBANO,SANTA ANA SUR
11,4,SAN CRISTOBAL,1112,URBANO,PRIMERO DE MAYO
12,4,SAN CRISTOBAL,1113,URBANO,SAN BLAS II
13,4,SAN CRISTOBAL,1114,URBANO,VELODROMO
14,4,SAN CRISTOBAL,1115,URBANO,MONTE CARLO
15,4,SAN CRISTOBAL,1116,URBANO,TIBAQUE URBANO
16,15,ANTONIO NARINO,1201,URBANO,SEVILLA
17,15,ANTONIO NARINO,1202,URBANO,CIUDAD BERNA
18,15,ANTONIO NARINO,1203,URBANO,CARACAS
19,15,ANTONIO NARINO,1204,URBANO,CIUDAD JARDIN SUR
20,4,SAN CRISTOBAL,1205,URBANO,SOCIEGO
21,4,SAN CRISTOBAL,1206,URBANO,QUINTA RAMOS
22,4,SAN CRISTOBAL,1207,URBANO,NARINO SUR
23,15,ANTONIO NARINO,1208,URBANO,LA HORTUA
24,4,SAN CRISTOBAL,1209,URBANO,MODELO SUR
25,4,SAN CRISTOBAL,1210,URBANO,CALVO SUR
26,15,ANTONIO NARINO,1211,URBANO,POLICARPA
27,4,SAN CRISTOBAL,1301,URBANO,GRANADA SUR
28,4,SAN CRISTOBAL,1302,URBANO,MONTEBELLO
29,4,SAN CRISTOBAL,1303,URBANO,CORDOBA
30,4,SAN CRISTOBAL,1304,URBANO,BELLO HORIZONTE
31,4,SAN CRISTOBAL,1305,URBANO,ATENAS
32,4,SAN CRISTOBAL,1306,URBANO,SAN PEDRO
33,4,SAN CRISTOBAL,1307,URBANO,RAMAJAL
34,4,SAN CRISTOBAL,1308,URBANO,SANTA INES SUR
35,4,SAN CRISTOBAL,1309,URBANO,SAN VICENTE
36,4,SAN CRISTOBAL,1310,URBANO,LA VICTORIA
37,4,SAN CRISTOBAL,1311,URBANO,LA GLORIA OCCIDENTAL
38,4,SAN CRISTOBAL,1312,URBANO,LOS ALPES
39,4,SAN CRISTOBAL,1313,URBANO,BELLAVISTA SUR
40,4,SAN CRISTOBAL,1314,URBANO,SAN JOSE SUR ORIENTAL
41,4,SAN CRISTOBAL,1315,URBANO,ALTAMIRA
42,4,SAN CRISTOBAL,1316,URBANO,MORALBA
43,4,SAN CRISTOBAL,1317,URBANO,PUENTE COLORADO
44,4,SAN CRISTOBAL,1318,URBANO,QUINDIO
45,4,SAN CRISTOBAL,1319,URBANO,LA GLORIA ORIENTAL
46,4,SAN CRISTOBAL,1320,URBANO,NUEVA GLORIA
47,4,SAN CRISTOBAL,1321,URBANO,SAN MARTIN SUR
48,4,SAN CRISTOBAL,1322,URBANO,SAN RAFAEL USME
49,4,SAN CRISTOBAL,1323,URBANO,NUEVA DELHI
50,4,SAN CRISTOBAL,1324,URBANO,EL PINAR
51,4,SAN CRISTOBAL,1325,URBANO,JUAN REY (LA PAZ)
52,4,SAN CRISTOBAL,1327,URBANO,LOS LIBERTADORES
53,4,SAN CRISTOBAL,1328,URBANO,SANTA RITA SUR ORIENTAL
54,4,SAN CRISTOBAL,1329,URBANO,EL PARAISO
55,4,SAN CRISTOBAL,1330,URBANO,CANADA O GUIRA
56,4,SAN CRISTOBAL,1331,URBANO,ALTOS DEL ZUQUE
57,4,SAN CRISTOBAL,1332,URBANO,VILLABEL
58,4,SAN CRISTOBAL,1333,URBANO,ALTOS DEL POBLADO
59,4,SAN CRISTOBAL,1334,URBANO,LAS GAVIOTAS
60,5,USME,1335,URBANO,VILLA DIANA
61,5,USME,1336,URBANO,JUAN JOSE RONDON I
62,5,USME,1337,URBANO,SAN PEDRO SUR
63,4,SAN CRISTOBAL,1338,URBANO,LA BELLEZA
64,4,SAN CRISTOBAL,1339,URBANO,BOSQUE DE LOS ALPES
65,5,USME,1340,URBANO,TIHUAQUE
66,4,SAN CRISTOBAL,1342,URBANO,ALTOS DEL ZIPA
67,5,USME,1344,URBANO,LOS SOCHES
68,5,USME,1345,URBANO,DONA LILIANA
69,5,USME,1346,URBANO,CIUDAD LONDRES I
70,5,USME,1347,URBANO,JUAN REY SUR
71,5,USME,1348,URBANO,LA CABANA
72,5,USME,1349,URBANO,CIUDAD LONDRES
73,4,SAN CRISTOBAL,1350,URBANO,YOMASA
74,4,SAN CRISTOBAL,1352,URBANO,LAS GUACAMAYAS II
75,4,SAN CRISTOBAL,1353,URBANO,LAS GUACAMAYAS IV
76,4,SAN CRISTOBAL,1354,URBANO,LAS GUACAMAYAS III
77,4,SAN CRISTOBAL,1355,URBANO,LAS GUACAMAYAS I
78,4,SAN CRISTOBAL,1356,URBANO,VILLA DEL CERRO
79,4,SAN CRISTOBAL,1357,URBANO,SANTA INES SUR II
80,4,SAN CRISTOBAL,1358,URBANO,CHIGUAZA URBANO
81,4,SAN CRISTOBAL,1362,URBANO,ARBOLEDA SANTA TERESITA
82,18,RAFAEL URIBE URIBE,1401,URBANO,SAN JOSE SUR
83,18,RAFAEL URIBE URIBE,1402,URBANO,GUSTAVO RESTREPO
84,18,RAFAEL URIBE URIBE,1403,URBANO,HOSPITAL SAN CARLOS
85,18,RAFAEL URIBE URIBE,1404,URBANO,SOSIEGO SUR
86,4,SAN CRISTOBAL,1405,URBANO,VEINTE DE JULIO
87,4,SAN CRISTOBAL,1406,URBANO,SAN ISIDRO
88,4,SAN CRISTOBAL,1407,URBANO,SURAMERICA
89,4,SAN CRISTOBAL,1408,URBANO,VILLA DE LOS ALPES
90,4,SAN CRISTOBAL,1409,URBANO,LAS LOMAS
91,18,RAFAEL URIBE URIBE,1410,URBANO,MARCO FIDEL SUAREZ
92,18,RAFAEL URIBE URIBE,1411,URBANO,SAN JORGE SUR
93,18,RAFAEL URIBE URIBE,1412,URBANO,GRANJAS SAN PABLO
94,18,RAFAEL URIBE URIBE,1413,URBANO,LA RESURRECCION
95,18,RAFAEL URIBE URIBE,1414,URBANO,MOLINOS DEL SUR
96,18,RAFAEL URIBE URIBE,1415,URBANO,MARCO FIDEL SUAREZ I
97,18,RAFAEL URIBE URIBE,1416,URBANO,SAN AGUSTIN
98,18,RAFAEL URIBE URIBE,1417,URBANO,LOS MOLINOS
99,18,RAFAEL URIBE URIBE,1418,URBANO,MARRUECOS
100,18,RAFAEL URIBE URIBE,1419,URBANO,CALLEJON SANTA BARBARA
101,18,RAFAEL URIBE URIBE,1420,URBANO,EL PLAYON
102,18,RAFAEL URIBE URIBE,1421,URBANO,DIANA TURBAY
103,18,RAFAEL URIBE URIBE,1422,URBANO,DIANA TURBAY ARRAYANES
104,18,RAFAEL URIBE URIBE,1423,URBANO,ARBOLEDA SUR
105,4,SAN CRISTOBAL,1424,URBANO,BARCELONA SUR
106,18,RAFAEL URIBE URIBE,1425,URBANO,GRANJAS DE SANTA SOFIA
107,18,RAFAEL URIBE URIBE,1426,URBANO,SAN LUIS
108,18,RAFAEL URIBE URIBE,1427,URBANO,PUERTO RICO
109,18,RAFAEL URIBE URIBE,1428,URBANO,CERROS DE ORIENTE
110,18,RAFAEL URIBE URIBE,1429,URBANO,GUIPARMA
111,4,SAN CRISTOBAL,1430,URBANO,VILLA DE LOS ALPES I
112,18,RAFAEL URIBE URIBE,1431,URBANO,LA RESURRECCION I
113,18,RAFAEL URIBE URIBE,1432,URBANO,DIANA TURBAY CULTIVOS
114,18,RAFAEL URIBE URIBE,1434,URBANO,CARMEN DEL SOL
115,18,RAFAEL URIBE URIBE,1435,URBANO,LOS ARRAYANES II
116,15,ANTONIO NARINO,2101,URBANO,LA FRAGUITA
117,15,ANTONIO NARINO,2102,URBANO,SAN ANTONIO
118,15,ANTONIO NARINO,2103,URBANO,RESTREPO
119,15,ANTONIO NARINO,2104,URBANO,RESTREPO OCCIDENTAL
120,15,ANTONIO NARINO,2105,URBANO,SANTANDER
121,15,ANTONIO NARINO,2106,URBANO,SENA
122,15,ANTONIO NARINO,2107,URBANO,LA FRAGUA
123,18,RAFAEL URIBE URIBE,2201,URBANO,OLAYA
124,18,RAFAEL URIBE URIBE,2202,URBANO,QUIROGA
125,18,RAFAEL URIBE URIBE,2203,URBANO,QUIROGA CENTRAL
126,18,RAFAEL URIBE URIBE,2204,URBANO,QUIROGA SUR
127,18,RAFAEL URIBE URIBE,2205,URBANO,SANTA LUCIA
128,18,RAFAEL URIBE URIBE,2209,URBANO,QUIROGA I
129,15,ANTONIO NARINO,2301,URBANO,EDUARDO FREY
130,15,ANTONIO NARINO,2302,URBANO,SANTANDER SUR
131,18,RAFAEL URIBE URIBE,2303,URBANO,CENTENARIO
132,18,RAFAEL URIBE URIBE,2304,URBANO,SANTIAGO PEREZ
133,18,RAFAEL URIBE URIBE,2305,URBANO,LIBERTADOR
134,18,RAFAEL URIBE URIBE,2306,URBANO,BRAVO PAEZ
135,18,RAFAEL URIBE URIBE,2307,URBANO,INGLES
136,18,RAFAEL URIBE URIBE,2308,URBANO,CLARET
137,15,ANTONIO NARINO,2309,URBANO,VILLA MAYOR ORIENTAL
138,18,RAFAEL URIBE URIBE,2310,URBANO,MURILLO TORO
139,18,RAFAEL URIBE URIBE,2311,URBANO,VILLA MAYOR
140,6,TUNJUELITO,2401,URBANO,TUNAL ORIENTAL
141,6,TUNJUELITO,2402,URBANO,SAN VICENTE FERRER
142,6,TUNJUELITO,2403,URBANO,VENECIA OCCIDENTAL
143,6,TUNJUELITO,2404,URBANO,VENECIA
144,6,TUNJUELITO,2405,URBANO,ESCUELA GENERAL SANTANDER
145,6,TUNJUELITO,2406,URBANO,SAMORE
146,6,TUNJUELITO,2407,URBANO,EL CARMEN
147,6,TUNJUELITO,2408,URBANO,FATIMA
148,6,TUNJUELITO,2409,URBANO,NUEVO MUZU
149,6,TUNJUELITO,2410,URBANO,PARQUE EL TUNAL
150,6,TUNJUELITO,2411,URBANO,ISLA DEL SOL
151,19,CIUDAD BOLIVAR,2412,URBANO,VERONA
152,6,TUNJUELITO,2413,URBANO,MUZU
153,19,CIUDAD BOLIVAR,2414,URBANO,ISMAEL PERDOMO
154,19,CIUDAD BOLIVAR,2415,URBANO,MADELENA
155,19,CIUDAD BOLIVAR,2416,URBANO,EL ENSUENO
156,19,CIUDAD BOLIVAR,2417,URBANO,BARLOVENTO
157,19,CIUDAD BOLIVAR,2418,URBANO,LA ESTANCIA
158,19,CIUDAD BOLIVAR,2419,URBANO,RINCON DE LA VALVANERA
159,19,CIUDAD BOLIVAR,2420,URBANO,LA CORUNA
160,19,CIUDAD BOLIVAR,2421,URBANO,RAFAEL ESCAMILLA
161,19,CIUDAD BOLIVAR,2422,URBANO,ATLANTA
162,19,CIUDAD BOLIVAR,2423,URBANO,ESPINO
163,19,CIUDAD BOLIVAR,2424,URBANO,RINCON DE GALICIA
164,19,CIUDAD BOLIVAR,2426,URBANO,SANTO DOMINGO
165,19,CIUDAD BOLIVAR,2427,URBANO,GALICIA
166,19,CIUDAD BOLIVAR,2428,URBANO,PRIMAVERA II
167,19,CIUDAD BOLIVAR,2429,URBANO,MARIA CANO
168,19,CIUDAD BOLIVAR,2430,URBANO,LAS BRISAS
169,19,CIUDAD BOLIVAR,2431,URBANO,POTOSI
170,19,CIUDAD BOLIVAR,2432,URBANO,ARBORIZADORA BAJA
171,19,CIUDAD BOLIVAR,2433,URBANO,EL PENON DEL CORTIJO
172,19,CIUDAD BOLIVAR,2434,URBANO,JERUSALEN
173,19,CIUDAD BOLIVAR,2435,URBANO,EL CHIRCAL SUR
174,19,CIUDAD BOLIVAR,2436,URBANO,BELLAVISTA
175,19,CIUDAD BOLIVAR,2437,URBANO,LA PRADERA
176,19,CIUDAD BOLIVAR,2438,URBANO,SIERRA MORENA
177,19,CIUDAD BOLIVAR,2439,URBANO,SIERRA MORENA
178,19,CIUDAD BOLIVAR,2440,URBANO,SIERRA MORENA
179,19,CIUDAD BOLIVAR,2441,URBANO,LOS TRES REYES I
180,19,CIUDAD BOLIVAR,2442,URBANO,SANTA VIVIANA
181,19,CIUDAD BOLIVAR,2443,URBANO,LA PRIMAVERA I
182,19,CIUDAD BOLIVAR,2444,URBANO,SIERRA MORENA II
183,19,CIUDAD BOLIVAR,2445,URBANO,CARACOLI
184,19,CIUDAD BOLIVAR,2446,URBANO,LOS TRES REYES
185,19,CIUDAD BOLIVAR,2447,URBANO,EL MIRADOR DE LA ESTANCIA
186,19,CIUDAD BOLIVAR,2448,URBANO,PERDOMO ALTO
187,19,CIUDAD BOLIVAR,2449,URBANO,ESPINO I
188,19,CIUDAD BOLIVAR,2450,URBANO,PERDOMO ALTO
189,19,CIUDAD BOLIVAR,2451,URBANO,SAN ANTONIO DEL MIRADOR
190,19,CIUDAD BOLIVAR,2453,URBANO,CIUDAD BOLIVAR
191,19,CIUDAD BOLIVAR,2455,URBANO,LA VALVANERA
192,19,CIUDAD BOLIVAR,2456,URBANO,QUIBA I
193,19,CIUDAD BOLIVAR,2460,URBANO,ARBORIZADORA ALTA I
194,19,CIUDAD BOLIVAR,2461,URBANO,ARBORIZADORA ALTA  II
195,6,TUNJUELITO,2501,URBANO,SAN CARLOS
196,19,CIUDAD BOLIVAR,2502,URBANO,MILLAN
197,5,USME,2503,URBANO,LA AURORA
198,19,CIUDAD BOLIVAR,2504,URBANO,COMPARTIR
199,5,USME,2505,URBANO,NUEVO SAN ANDRES
200,5,USME,2506,URBANO,GRAN YOMASA
201,6,TUNJUELITO,2507,URBANO,ABRAHAM LINCOLN
202,6,TUNJUELITO,2508,URBANO,TUNJUELITO
203,6,TUNJUELITO,2509,URBANO,SAN BENITO
204,18,RAFAEL URIBE URIBE,2510,URBANO,LA PICOTA ORIENTAL
205,18,RAFAEL URIBE URIBE,2511,URBANO,LA PICOTA
206,6,TUNJUELITO,2512,URBANO,AREA ARTILLERIA
207,19,CIUDAD BOLIVAR,2513,URBANO,LAS ACACIAS
208,19,CIUDAD BOLIVAR,2514,URBANO,MEISSEN
209,19,CIUDAD BOLIVAR,2515,URBANO,SAN FRANCISCO
210,19,CIUDAD BOLIVAR,2516,URBANO,MEXICO
211,19,CIUDAD BOLIVAR,2517,URBANO,LUCERO DEL SUR
212,19,CIUDAD BOLIVAR,2518,URBANO,RONDA
213,5,USME,2519,URBANO,DANUBIO
214,19,CIUDAD BOLIVAR,2520,URBANO,LAS MANAS
215,19,CIUDAD BOLIVAR,2521,URBANO,LUCERO ALTO
216,19,CIUDAD BOLIVAR,2522,URBANO,EL MOCHUELO ORIENTAL
217,19,CIUDAD BOLIVAR,2523,URBANO,LA ALAMEDA
218,5,USME,2524,URBANO,LA ANDREA
219,5,USME,2525,URBANO,BARRANQUILLITA
220,5,USME,2526,URBANO,SANTA LIBRADA
221,5,USME,2527,URBANO,LA CABANA
222,5,USME,2528,URBANO,SANTA LIBRADA NORTE
223,5,USME,2529,URBANO,LA MARICHUELA
224,19,CIUDAD BOLIVAR,2530,URBANO,QUIBA
225,19,CIUDAD BOLIVAR,2531,URBANO,CANDELARIA LA NUEVA
226,19,CIUDAD BOLIVAR,2532,URBANO,QUINTAS DEL SUR
227,19,CIUDAD BOLIVAR,2533,URBANO,SOTAVENTO
228,19,CIUDAD BOLIVAR,2534,URBANO,CASA DE TEJA
229,18,RAFAEL URIBE URIBE,2535,URBANO,PALERMO SUR
230,5,USME,2536,URBANO,MONTEBLANCO
231,5,USME,2537,URBANO,CHUNIZA
232,5,USME,2538,URBANO,USMINIA
233,19,CIUDAD BOLIVAR,2539,URBANO,SAN RAFAEL
234,19,CIUDAD BOLIVAR,2540,URBANO,ESTRELLA DEL SUR
235,5,USME,2541,URBANO,GRANADA SUR
236,5,USME,2542,URBANO,SERRANIAS
237,5,USME,2543,URBANO,COMUNEROS
238,19,CIUDAD BOLIVAR,2544,URBANO,LOS LAURELES II
239,19,CIUDAD BOLIVAR,2545,URBANO,EL SATELITE
240,19,CIUDAD BOLIVAR,2546,URBANO,NACIONES UNIDAS
241,19,CIUDAD BOLIVAR,2547,URBANO,EL TESORO
242,5,USME,2548,URBANO,EL VIRREY
243,19,CIUDAD BOLIVAR,2549,URBANO,VILLA GLORIA
244,5,USME,2550,URBANO,DUITAMA
245,5,USME,2551,URBANO,ALASKA
246,19,CIUDAD BOLIVAR,2552,URBANO,JUAN PABLO II
247,19,CIUDAD BOLIVAR,2553,URBANO,SUMAPAZ
248,19,CIUDAD BOLIVAR,2554,URBANO,GIBRALTAR SUR
249,5,USME,2555,URBANO,SAN JUAN BAUTISTA
250,5,USME,2556,URBANO,DESARROLLO BRAZUELOS I
251,19,CIUDAD BOLIVAR,2557,URBANO,JUAN JOSE RONDON
252,19,CIUDAD BOLIVAR,2558,URBANO,VILLAS EL DIAMANTE
253,19,CIUDAD BOLIVAR,2559,URBANO,LOS ALPES SUR
254,19,CIUDAD BOLIVAR,2560,URBANO,BELLAVISTA LUCERO ALTO
255,19,CIUDAD BOLIVAR,2561,URBANO,CORDILLERA DEL SUR
256,19,CIUDAD BOLIVAR,2562,URBANO,CENTRAL DE MEZCLAS
257,5,USME,2563,URBANO,EL PEDREGAL
258,19,CIUDAD BOLIVAR,2564,URBANO,EL MINUTO DE MARIA
259,19,CIUDAD BOLIVAR,2565,URBANO,PARAISO QUIBA
260,18,RAFAEL URIBE URIBE,2566,URBANO,LA PAZ
261,19,CIUDAD BOLIVAR,2568,URBANO,ARBORIZADORA ALTA
262,19,CIUDAD BOLIVAR,2569,URBANO,ARBORIZADORA ALTA
263,19,CIUDAD BOLIVAR,2570,URBANO,EL MIRADOR
264,5,USME,2571,URBANO,ANTONIO JOSE DE SUCRE
265,5,USME,2572,URBANO,SALAZAR USME
266,19,CIUDAD BOLIVAR,2573,URBANO,ARBORIZADORA ALTA
267,19,CIUDAD BOLIVAR,2574,URBANO,CEDRITOS DEL SUR
268,19,CIUDAD BOLIVAR,2575,URBANO,CERRO COLORADO
269,5,USME,2576,URBANO,SERRANIAS I
270,5,USME,2577,URBANO,DANUBIO II
271,19,CIUDAD BOLIVAR,2578,URBANO,ARABIA
272,19,CIUDAD BOLIVAR,2579,URBANO,VILLA CANDELARIA
273,19,CIUDAD BOLIVAR,2580,URBANO,BELLA FLOR
274,19,CIUDAD BOLIVAR,2581,URBANO,LA TORRE
275,19,CIUDAD BOLIVAR,2582,URBANO,BELLA FLOR SUR
276,19,CIUDAD BOLIVAR,2583,URBANO,QUIBA URBANO
277,19,CIUDAD BOLIVAR,2584,URBANO,EL MOCHUELO
278,19,CIUDAD BOLIVAR,2585,URBANO,EL MOCHUELO URBANO
279,5,USME,2586,URBANO,YOMASA NORTE
280,19,CIUDAD BOLIVAR,2587,URBANO,BRISAS DEL VOLADOR
281,19,CIUDAD BOLIVAR,2588,URBANO,EL MOCHUELO III URBANO
282,5,USME,2589,URBANO,PORVENIR
283,5,USME,2590,URBANO,LA FISCALA
284,19,CIUDAD BOLIVAR,2591,URBANO,BRAZUELOS OCCIDENTAL
285,5,USME,2592,URBANO,DESARROLLO BRAZUELOS
286,5,USME,2593,URBANO,TUNJUELITO
287,5,USME,2594,URBANO,VILLA ISRAEL
288,19,CIUDAD BOLIVAR,2595,URBANO,LAGUNITAS URBANO
289,19,CIUDAD BOLIVAR,2596,URBANO,EL MOCHUELO ALTO
290,5,USME,2597,URBANO,LA FISCALA NORTE
291,19,CIUDAD BOLIVAR,2598,URBANO,EL MOCHUELO II URBANO
292,5,USME,2599,URBANO,CENTRO USME URBANO
293,5,USME,2601,URBANO,ARRAYANES I
294,5,USME,2602,URBANO,FISCALA ALTA
295,5,USME,2604,URBANO,LOS OLIVARES
296,5,USME,2605,URBANO,BOLONIA
297,5,USME,2606,URBANO,EL CURUBO
298,5,USME,2607,URBANO,LA ESPERANZA SUR
299,5,USME,2608,URBANO,EL BOSQUE CENTRAL I
300,5,USME,2609,URBANO,EL BOSQUE
301,5,USME,2610,URBANO,CHAPINERITO
302,5,USME,2611,URBANO,CHARALA
303,5,USME,2612,URBANO,LA COMUNA
304,5,USME,2613,URBANO,EL PROGRESO USME
305,5,USME,2614,URBANO,LA ORQUIDEA DE USME
306,5,USME,2615,URBANO,LA ESPERANZA DE USME
307,5,USME,2616,URBANO,EL NUEVO PORTAL
308,5,USME,2617,URBANO,EL REFUGIO I
309,5,USME,2618,URBANO,PUERTA AL LLANO DE USME
310,5,USME,2619,URBANO,VILLA ANITA
311,5,USME,2620,URBANO,EL NUEVO PORTAL II
312,5,USME,2621,URBANO,SAN FELIPE DE USME
313,5,USME,2622,URBANO,TOCAIMITA ORIENTAL I
314,5,USME,2625,URBANO,ARRAYANES V
315,5,USME,2626,URBANO,BOLONIA I
316,5,USME,2627,URBANO,LA REFORMA
317,5,USME,2628,URBANO,EL BOSQUE SUR ORIENTAL
318,5,USME,2629,URBANO,EL NEVADO II
319,5,USME,2630,URBANO,EL PORTAL DEL DIVINO
320,5,USME,2631,URBANO,EL NEVADO
321,5,USME,2632,URBANO,LA REQUILINA
322,5,USME,2633,URBANO,LAS VIOLETAS
323,5,USME,2634,URBANO,EL TUNO
324,5,USME,2635,URBANO,BRISAS DEL LLANO
325,5,USME,2636,URBANO,LA HUERTA
326,18,RAFAEL URIBE URIBE,2637,URBANO,ARRAYANES VI
327,5,USME,2640,URBANO,EL PEDREGAL II
328,5,USME,2642,URBANO,EL PORTAL URBANO
329,3,SANTA FE,3101,URBANO,LA ALAMEDA
330,3,SANTA FE,3102,URBANO,LAS NIEVES
331,17,LA CANDELARIA,3103,URBANO,LAS AGUAS
332,17,LA CANDELARIA,3104,URBANO,LA CONCORDIA
333,17,LA CANDELARIA,3105,URBANO,EGIPTO
334,17,LA CANDELARIA,3106,URBANO,CENTRO ADMINISTRATIVO
335,3,SANTA FE,3107,URBANO,SANTA INES
336,3,SANTA FE,3108,URBANO,LA CAPUCHINA
337,3,SANTA FE,3109,URBANO,VERACRUZ
338,17,LA CANDELARIA,3110,URBANO,LA CATEDRAL
339,3,SANTA FE,3201,URBANO,SAN BERNARDINO
340,3,SANTA FE,3202,URBANO,LAS CRUCES
341,17,LA CANDELARIA,3203,URBANO,SANTA BARBARA
342,17,LA CANDELARIA,3204,URBANO,BELEN
343,3,SANTA FE,3205,URBANO,EL GUAVIO
344,3,SANTA FE,3206,URBANO,LA PENA
345,3,SANTA FE,3207,URBANO,LOS LACHES
346,3,SANTA FE,3208,URBANO,EL ROCIO
347,3,SANTA FE,3209,URBANO,EL DORADO
348,3,SANTA FE,3210,URBANO,RAMIREZ
349,3,SANTA FE,3211,URBANO,GIRARDOT
350,3,SANTA FE,3212,URBANO,LOURDES
351,3,SANTA FE,3215,URBANO,SAN FRANCISCO RURAL
352,14,LOS MARTIRES,4101,URBANO,RICAURTE
353,14,LOS MARTIRES,4102,URBANO,LA SABANA
354,14,LOS MARTIRES,4103,URBANO,VOTO NACIONAL
355,14,LOS MARTIRES,4104,URBANO,LA ESTANZUELA
356,14,LOS MARTIRES,4105,URBANO,EDUARDO SANTOS
357,14,LOS MARTIRES,4106,URBANO,EL VERGEL
358,14,LOS MARTIRES,4107,URBANO,SANTA ISABEL SUR
359,14,LOS MARTIRES,4108,URBANO,SANTA ISABEL
360,14,LOS MARTIRES,4109,URBANO,VERAGUAS
361,14,LOS MARTIRES,4110,URBANO,LA PEPITA
362,14,LOS MARTIRES,4111,URBANO,EL PROGRESO
363,16,PUENTE ARANDA,4201,URBANO,PENSILVANIA
364,16,PUENTE ARANDA,4202,URBANO,COMUNEROS
365,16,PUENTE ARANDA,4203,URBANO,LA ASUNCION
366,16,PUENTE ARANDA,4204,URBANO,MONTES
367,16,PUENTE ARANDA,4205,URBANO,PRIMAVERA OCCIDENTAL
368,16,PUENTE ARANDA,4206,URBANO,SAN FRANCISCO
369,16,PUENTE ARANDA,4207,URBANO,GORGONZOLA
370,16,PUENTE ARANDA,4208,URBANO,LOS EJIDOS
371,16,PUENTE ARANDA,4209,URBANO,SANTA MATILDE
372,16,PUENTE ARANDA,4210,URBANO,JORGE GAITAN CORTES
373,16,PUENTE ARANDA,4211,URBANO,BOCHICA
374,16,PUENTE ARANDA,4212,URBANO,TIBANA
375,16,PUENTE ARANDA,4301,URBANO,SAN RAFAEL INDUSTRIAL
376,16,PUENTE ARANDA,4302,URBANO,SAN RAFAEL
377,16,PUENTE ARANDA,4303,URBANO,BARCELONA
378,16,PUENTE ARANDA,4304,URBANO,GALAN
379,16,PUENTE ARANDA,4305,URBANO,LA PRADERA
380,16,PUENTE ARANDA,4306,URBANO,LA TRINIDAD
381,16,PUENTE ARANDA,4307,URBANO,SAN GABRIEL
382,16,PUENTE ARANDA,4308,URBANO,COLON
383,16,PUENTE ARANDA,4309,URBANO,LA CAMELIA
384,16,PUENTE ARANDA,4310,URBANO,PROVIVIENDA NORTE
385,8,KENNEDY,4316,URBANO,LAS MARGARITAS
386,16,PUENTE ARANDA,4317,URBANO,CAMELIA II
387,16,PUENTE ARANDA,4401,URBANO,SAN EUSEBIO
388,16,PUENTE ARANDA,4402,URBANO,REMANSO
389,16,PUENTE ARANDA,4403,URBANO,AUTOPISTA MUZU
390,16,PUENTE ARANDA,4404,URBANO,AUTOPISTA SUR
391,16,PUENTE ARANDA,4405,URBANO,OSPINA PEREZ SUR
392,16,PUENTE ARANDA,4406,URBANO,OSPINA PEREZ
393,16,PUENTE ARANDA,4407,URBANO,ALCALA
394,16,PUENTE ARANDA,4408,URBANO,TEJAR
395,16,PUENTE ARANDA,4409,URBANO,ALQUERIA
396,16,PUENTE ARANDA,4412,URBANO,REMANSO SUR
397,16,PUENTE ARANDA,4413,URBANO,AUTOPISTA MUZU ORIENTAL
398,8,KENNEDY,4501,URBANO,HIPOTECHO
399,8,KENNEDY,4502,URBANO,HIPOTECHO OCCIDENTAL
400,8,KENNEDY,4503,URBANO,PROVIVIENDA ORIENTAL
401,8,KENNEDY,4504,URBANO,PROVIVIENDA
402,8,KENNEDY,4505,URBANO,PROVIVIENDA OCCIDENTAL
403,8,KENNEDY,4506,URBANO,LA CAMPINA
404,8,KENNEDY,4507,URBANO,CIUDAD KENNEDY SUR
405,8,KENNEDY,4508,URBANO,CIUDAD KENNEDY OCCIDENTAL
406,8,KENNEDY,4509,URBANO,CIUDAD KENNEDY
407,8,KENNEDY,4510,URBANO,CIUDAD KENNEDY ORIENTAL
408,8,KENNEDY,4511,URBANO,CIUDAD KENNEDY CENTRAL
409,8,KENNEDY,4512,URBANO,TIMIZA
410,7,BOSA,4513,URBANO,SAN DIEGO-BOSA
411,8,KENNEDY,4514,URBANO,CIUDAD KENNEDY NORTE
412,8,KENNEDY,4515,URBANO,TUNDAMA
413,8,KENNEDY,4516,URBANO,BOITA
414,8,KENNEDY,4517,URBANO,JACQUELINE
415,8,KENNEDY,4518,URBANO,TIMIZA A
416,7,BOSA,4519,URBANO,ESCOCIA
417,7,BOSA,4520,URBANO,LA PAZ BOSA
418,7,BOSA,4521,URBANO,LA ESTACION BOSA
419,7,BOSA,4522,URBANO,BOSA
420,7,BOSA,4523,URBANO,JIMENEZ DE QUESADA
421,7,BOSA,4524,URBANO,SAN PABLO BOSA
422,8,KENNEDY,4525,URBANO,PASTRANA
423,7,BOSA,4526,URBANO,BOSA NOVA
424,7,BOSA,4527,URBANO,NUEVA GRANADA BOSA
425,7,BOSA,4528,URBANO,PASO ANCHO
426,7,BOSA,4529,URBANO,CEMENTERIO JARDINES APOGEO
427,8,KENNEDY,4530,URBANO,TIMIZA B
428,8,KENNEDY,4531,URBANO,MANDALAY
429,8,KENNEDY,4532,URBANO,LA CECILIA
430,7,BOSA,4533,URBANO,EL RETAZO
431,8,KENNEDY,4534,URBANO,ROMA
432,8,KENNEDY,4535,URBANO,CLASS
433,8,KENNEDY,4536,URBANO,EL RUBI
434,8,KENNEDY,4537,URBANO,CASABLANCA
435,7,BOSA,4538,URBANO,OLARTE
436,7,BOSA,4539,URBANO,GRAN COLOMBIANO
437,8,KENNEDY,4540,URBANO,CATALINA II
438,8,KENNEDY,4541,URBANO,EL PARAISO BOSA
439,8,KENNEDY,4542,URBANO,ALQUERIA LA FRAGUA NORTE
440,8,KENNEDY,4543,URBANO,ALQUERIA LA FRAGUA
441,8,KENNEDY,4544,URBANO,LAS DELICIAS
442,8,KENNEDY,4545,URBANO,CATALINA
443,7,BOSA,4546,URBANO,VILLA DEL RIO
444,8,KENNEDY,4547,URBANO,CORABASTOS
445,8,KENNEDY,4548,URBANO,TECHO
446,8,KENNEDY,4549,URBANO,NUEVA YORK
447,7,BOSA,4550,URBANO,JOSE MARIA CARBONEL
448,8,KENNEDY,4551,URBANO,HIPOTECHO SUR
449,7,BOSA,4552,URBANO,GUALOCHE
450,7,BOSA,4553,URBANO,ANDALUCIA II
451,8,KENNEDY,4554,URBANO,PATIO BONITO
452,8,KENNEDY,4555,URBANO,PATIO BONITO II
453,8,KENNEDY,4556,URBANO,GRAN BRITALIA I
454,8,KENNEDY,4557,URBANO,GRAN BRITALIA
455,8,KENNEDY,4558,URBANO,CAMPO HERMOSO
456,8,KENNEDY,4559,URBANO,EL CARMELO
457,8,KENNEDY,4560,URBANO,SAUCEDAL
458,7,BOSA,4561,URBANO,EL JARDIN
459,8,KENNEDY,4562,URBANO,LLANO GRANDE
460,19,CIUDAD BOLIVAR,4563,URBANO,GUADALUPE
461,8,KENNEDY,4564,URBANO,TAIRONA
462,8,KENNEDY,4565,URBANO,TOCAREMA
463,8,KENNEDY,4566,URBANO,PATIO BONITO III
464,7,BOSA,4567,URBANO,VILLAS DEL PROGRESO
465,7,BOSA,4568,URBANO,JORGE URIBE BOTERO
466,7,BOSA,4569,URBANO,JOSE ANTONIO GALAN
467,7,BOSA,4570,URBANO,ANTONIA SANTOS
468,7,BOSA,4572,URBANO,CORREDOR FERREO DEL SUR
469,7,BOSA,4573,URBANO,CIUDADELA EL RECREO
470,7,BOSA,4574,URBANO,CHARLES DE GAULLE
471,7,BOSA,4575,URBANO,LOS LAURELES
472,8,KENNEDY,4576,URBANO,CASA BLANCA SUR
473,7,BOSA,4577,URBANO,SAN BERNARDINO XXII URBANO
474,8,KENNEDY,4578,URBANO,VILLA NELLY III SECTOR
475,7,BOSA,4579,URBANO,ESCOCIA
476,7,BOSA,4580,URBANO,BOSA NOVA EL PORVENIR
477,8,KENNEDY,4581,URBANO,TIMIZA C
478,8,KENNEDY,4582,URBANO,RENANIA URAPANES
479,7,BOSA,4583,URBANO,ARGELIA II
480,8,KENNEDY,4584,URBANO,SANTA CATALINA
481,7,BOSA,4586,URBANO,JIMENEZ DE QUESADA II SECTOR
482,7,BOSA,4587,URBANO,LOS SAUCES
483,7,BOSA,4588,URBANO,EL DANUBIO AZUL
484,7,BOSA,4589,URBANO,SAN PEDRO
485,7,BOSA,4590,URBANO,SAN BERNARDINO XXV URBANO
486,7,BOSA,4591,URBANO,EL PORTAL DEL BRASIL
487,7,BOSA,4592,URBANO,SAN MARTIN
488,7,BOSA,4593,URBANO,LA LIBERTAD
489,7,BOSA,4594,URBANO,SAN ANTONIO
490,7,BOSA,4595,URBANO,CHICO SUR
491,8,KENNEDY,4596,URBANO,ALQUERIA LA FRAGUA II
492,7,BOSA,4597,URBANO,SAN BERNARDINO I
493,7,BOSA,4598,URBANO,VILLA ANNY I
494,7,BOSA,4599,URBANO,VILLA ANNY II
495,8,KENNEDY,4601,URBANO,CALANDAIMA
496,7,BOSA,4602,URBANO,REMANSO URBANO
497,8,KENNEDY,4603,URBANO,EL PARAISO
498,7,BOSA,4604,URBANO,BRASILIA
499,7,BOSA,4605,URBANO,CHICALA
500,8,KENNEDY,4607,URBANO,CIUDAD DE CALI
501,8,KENNEDY,4609,URBANO,LOS ALMENDROS
502,8,KENNEDY,4611,URBANO,EL JAZMIN
503,8,KENNEDY,4612,URBANO,DINDALITO
504,8,KENNEDY,4613,URBANO,PROVIVIENDA OCCIDENTAL
505,8,KENNEDY,4614,URBANO,DINDALITO
506,8,KENNEDY,4615,URBANO,OSORIO XII
507,7,BOSA,4616,URBANO,OSORIO X URBANO
508,8,KENNEDY,4617,URBANO,TINTALITO
509,8,KENNEDY,4618,URBANO,DINTALITO
510,8,KENNEDY,4619,URBANO,CHUCUA DE LA VACA III
511,8,KENNEDY,4620,URBANO,CHUCUA DE LA VACA II
512,8,KENNEDY,4621,URBANO,CHUCUA DE LA VACA I
513,7,BOSA,4622,URBANO,BRASIL
514,7,BOSA,4623,URBANO,SAN BERNARDINO POTRERITOS
515,7,BOSA,4624,URBANO,LA VEGA SAN BERNARDINO
516,7,BOSA,4625,URBANO,EL REMANSO I
517,8,KENNEDY,4626,URBANO,LAS ACACIAS
518,8,KENNEDY,4627,URBANO,GALAN
519,7,BOSA,4628,URBANO,BETANIA
520,7,BOSA,4630,URBANO,PARCELA EL PORVENIR
521,7,BOSA,4631,URBANO,EL CORZO
522,7,BOSA,4632,URBANO,LA CABANA
523,7,BOSA,4633,URBANO,SANTA FE BOSA
524,7,BOSA,4634,URBANO,CANAVERALEJO
525,7,BOSA,4635,URBANO,SAN BERNARDINO II
526,7,BOSA,4637,URBANO,LAS MARGARITAS
527,7,BOSA,4638,URBANO,CIUDADELA EL RECREO II
528,7,BOSA,4641,URBANO,LA INDEPENDENCIA
529,7,BOSA,4642,URBANO,ISLANDIA
530,7,BOSA,4643,URBANO,EL CORZO I
531,12,BARRIOS UNIDOS,5101,URBANO,JOSE JOAQUIN VARGAS
532,12,BARRIOS UNIDOS,5102,URBANO,POPULAR MODELO
533,12,BARRIOS UNIDOS,5103,URBANO,SAN MIGUEL
534,12,BARRIOS UNIDOS,5104,URBANO,EL ROSARIO
535,13,TEUSAQUILLO,5105,URBANO,CAMPIN OCCIDENTAL
536,13,TEUSAQUILLO,5106,URBANO,NICOLAS DE FEDERMAN
537,13,TEUSAQUILLO,5107,URBANO,ACEVEDO TEJADA
538,13,TEUSAQUILLO,5108,URBANO,CIUDAD UNIVERSITARIA
539,13,TEUSAQUILLO,5109,URBANO,CENTRO ADMINISTRATIVO OCC.
540,13,TEUSAQUILLO,5110,URBANO,EL SALITRE
541,13,TEUSAQUILLO,5111,URBANO,LA ESMERALDA
542,12,BARRIOS UNIDOS,5112,URBANO,PARQUE DISTRITAL SALITRE
543,13,TEUSAQUILLO,5113,URBANO,PAULO VI
544,13,TEUSAQUILLO,5114,URBANO,CAMPO EUCARISTICO
545,12,BARRIOS UNIDOS,5115,URBANO,PARQUE POPULAR SALITRE
546,13,TEUSAQUILLO,5116,URBANO,PABLO VI NORTE
547,13,TEUSAQUILLO,5117,URBANO,RAFAEL NUNEZ
548,12,BARRIOS UNIDOS,5201,URBANO,JORGE ELIECER GAITAN
549,12,BARRIOS UNIDOS,5202,URBANO,DOCE DE OCTUBRE
550,12,BARRIOS UNIDOS,5203,URBANO,SAN FERNANDO
551,12,BARRIOS UNIDOS,5204,URBANO,SAN FERNANDO OCCIDENTAL
552,12,BARRIOS UNIDOS,5205,URBANO,SIMON BOLIVAR
553,12,BARRIOS UNIDOS,5206,URBANO,LA LIBERTAD
554,12,BARRIOS UNIDOS,5207,URBANO,METROPOLIS
555,12,BARRIOS UNIDOS,5304,URBANO,LA CASTELLANA
556,12,BARRIOS UNIDOS,5305,URBANO,LA PATRIA
557,12,BARRIOS UNIDOS,5306,URBANO,ENTRERIOS
558,12,BARRIOS UNIDOS,5307,URBANO,LOS ANDES
559,12,BARRIOS UNIDOS,5308,URBANO,RIONEGRO
560,12,BARRIOS UNIDOS,5310,URBANO,ESCUELA MILITAR
561,11,SUBA,5401,URBANO,POTOSI
562,11,SUBA,5402,URBANO,SANTA ROSA
563,11,SUBA,5403,URBANO,JULIO FLOREZ
564,10,ENGATIVA,5404,URBANO,LAS FERIAS
565,10,ENGATIVA,5405,URBANO,LAS FERIAS OCCIDENTAL
566,10,ENGATIVA,5406,URBANO,BONANZA
567,10,ENGATIVA,5501,URBANO,PALO BLANCO
568,10,ENGATIVA,5502,URBANO,LA ESTRADA
569,10,ENGATIVA,5503,URBANO,BELLAVISTA OCCIDENTAL
570,10,ENGATIVA,5504,URBANO,LA ESTRADITA
571,10,ENGATIVA,5505,URBANO,BOSQUE POPULAR
572,10,ENGATIVA,5506,URBANO,JARDIN BOTANICO
573,10,ENGATIVA,5507,URBANO,NORMANDIA
574,10,ENGATIVA,5508,URBANO,LA CABANA
575,10,ENGATIVA,5509,URBANO,SAN JOAQUIN
576,10,ENGATIVA,5510,URBANO,EL LAUREL
577,10,ENGATIVA,5601,URBANO,EL MINUTO DE DIOS
578,10,ENGATIVA,5602,URBANO,SANTA MARIA
579,10,ENGATIVA,5603,URBANO,BOYACA
580,10,ENGATIVA,5604,URBANO,EL REAL
581,10,ENGATIVA,5605,URBANO,EL ENCANTO
582,10,ENGATIVA,5606,URBANO,NORMANDIA OCCIDENTAL
583,10,ENGATIVA,5607,URBANO,SAN IGNACIO
584,10,ENGATIVA,5608,URBANO,SANTA HELENITA
585,10,ENGATIVA,5609,URBANO,TABORA
586,10,ENGATIVA,5610,URBANO,LA GRANJA
587,10,ENGATIVA,5611,URBANO,AUTOPISTA MEDELLIN
588,10,ENGATIVA,5612,URBANO,PARIS GAITAN
589,10,ENGATIVA,5613,URBANO,LA SERENA
590,10,ENGATIVA,5614,URBANO,VILLA LUZ
591,10,ENGATIVA,5615,URBANO,LA SOLEDAD NORTE
592,10,ENGATIVA,5616,URBANO,LOS CEREZOS
593,10,ENGATIVA,5617,URBANO,PRIMAVERA
594,10,ENGATIVA,5619,URBANO,PARIS
595,10,ENGATIVA,5620,URBANO,FLORENCIA
596,10,ENGATIVA,5621,URBANO,FLORIDA BLANCA
597,10,ENGATIVA,5622,URBANO,BOLIVIA
598,10,ENGATIVA,5623,URBANO,LOS ANGELES
599,9,FONTIBON,5624,URBANO,AEROPUERTO EL DORADO
600,10,ENGATIVA,5625,URBANO,LOS ALAMOS
601,10,ENGATIVA,5626,URBANO,LOS ALAMOS
602,10,ENGATIVA,5627,URBANO,GARCES NAVAS
603,10,ENGATIVA,5628,URBANO,GARCES NAVAS ORIENTAL
604,10,ENGATIVA,5629,URBANO,EL CEDRO
605,10,ENGATIVA,5630,URBANO,CIUDAD BACHUE
606,10,ENGATIVA,5631,URBANO,CIUDAD BACHUE I ETAPA
607,10,ENGATIVA,5632,URBANO,BOCHICA
608,10,ENGATIVA,5634,URBANO,EL CORTIJO
609,10,ENGATIVA,5635,URBANO,EL MADRIGAL
610,10,ENGATIVA,5636,URBANO,ENGATIVA ZONA URBANA
611,10,ENGATIVA,5637,URBANO,VILLA GLADYS
612,10,ENGATIVA,5638,URBANO,SANTA CECILIA
613,10,ENGATIVA,5639,URBANO,QUIRIGUA ORIENTAL
614,10,ENGATIVA,5640,URBANO,BOLIVIA ORIENTAL
615,10,ENGATIVA,5641,URBANO,SANTA MONICA
616,10,ENGATIVA,5643,URBANO,ALAMOS
617,10,ENGATIVA,5644,URBANO,BOCHICA II
618,10,ENGATIVA,5647,URBANO,VILLAS DE GRANADA
619,10,ENGATIVA,5648,URBANO,VILLA AMALIA
620,10,ENGATIVA,5649,URBANO,VILLAS DE GRANADA I
621,10,ENGATIVA,5650,URBANO,CIUDADELA COLSUBSIDIO
622,10,ENGATIVA,5652,URBANO,EL MUELLE
623,10,ENGATIVA,5654,URBANO,GRAN GRANADA
624,10,ENGATIVA,5655,URBANO,GARCES NAVAS SUR
625,10,ENGATIVA,5657,URBANO,SABANA DEL DORADO
626,10,ENGATIVA,5658,URBANO,VILLA SAGRARIO
627,10,ENGATIVA,5660,URBANO,SAN ANTONIO URBANO
628,10,ENGATIVA,5661,URBANO,LUIS CARLOS GALAN
629,10,ENGATIVA,5662,URBANO,EL CEDRO
630,10,ENGATIVA,5663,URBANO,EL DORADO INDUSTRIAL
631,10,ENGATIVA,5664,URBANO,EL DORADO
632,10,ENGATIVA,5665,URBANO,MARANDU
633,10,ENGATIVA,5666,URBANO,LA FAENA
634,10,ENGATIVA,5667,URBANO,CENTRO ENGATIVA II
635,10,ENGATIVA,5668,URBANO,VILLAS DE ALCALA
636,10,ENGATIVA,5669,URBANO,EL GACO
637,10,ENGATIVA,5670,URBANO,LA RIVIERA
638,9,FONTIBON,5672,URBANO,LAS NAVETAS
639,9,FONTIBON,5673,URBANO,PUEBLO VIEJO
640,10,ENGATIVA,5675,URBANO,BOLIVIA
641,10,ENGATIVA,5679,URBANO,SAN ANTONIO ENGATIVA
642,10,ENGATIVA,5680,URBANO,VILLA DEL MAR
643,10,ENGATIVA,5682,URBANO,CIUDAD BACHUE II
644,10,ENGATIVA,5683,URBANO,QUIRIGUA I
645,10,ENGATIVA,5684,URBANO,QUIRIGUA II
646,14,LOS MARTIRES,6101,URBANO,FLORIDA
647,14,LOS MARTIRES,6103,URBANO,SANTA FE
648,14,LOS MARTIRES,6104,URBANO,LA FAVORITA
649,14,LOS MARTIRES,6105,URBANO,SAN VICTORINO
650,14,LOS MARTIRES,6106,URBANO,EL LISTON
651,14,LOS MARTIRES,6107,URBANO,PALOQUEMAO
652,14,LOS MARTIRES,6108,URBANO,SAMPER MENDOZA
653,14,LOS MARTIRES,6109,URBANO,COLSEGUROS
654,14,LOS MARTIRES,6110,URBANO,USATAMA
655,13,TEUSAQUILLO,6201,URBANO,EL RECUERDO
656,13,TEUSAQUILLO,6202,URBANO,GRAN AMERICA
657,16,PUENTE ARANDA,6203,URBANO,LA FLORIDA OCCIDENTAL
658,16,PUENTE ARANDA,6204,URBANO,ESTACION CENTRAL
659,16,PUENTE ARANDA,6205,URBANO,INDUSTRIAL CENTENARIO
660,16,PUENTE ARANDA,6206,URBANO,EL EJIDO
661,16,PUENTE ARANDA,6207,URBANO,BATALLON CALDAS
662,16,PUENTE ARANDA,6208,URBANO,ORTEZAL
663,13,TEUSAQUILLO,6209,URBANO,QUINTA PAREDES
664,13,TEUSAQUILLO,6210,URBANO,CENTRO NARINO
665,16,PUENTE ARANDA,6211,URBANO,CUNDINAMARCA
666,16,PUENTE ARANDA,6212,URBANO,SALAZAR GOMEZ
667,16,PUENTE ARANDA,6215,URBANO,PUENTE ARANDA
668,13,TEUSAQUILLO,6216,URBANO,CIUDAD SALITRE NOR-ORIENTAL
669,13,TEUSAQUILLO,6217,URBANO,CIUDAD SALITRE SUR-ORIENTAL
670,16,PUENTE ARANDA,6218,URBANO,CENTRO INDUSTRIAL
671,9,FONTIBON,6301,URBANO,SANTA CECILIA
672,9,FONTIBON,6302,URBANO,CAPELLANIA
673,9,FONTIBON,6303,URBANO,LA ESPERANZA NORTE
674,9,FONTIBON,6306,URBANO,GRANJAS DE TECHO
675,9,FONTIBON,6307,URBANO,MONTEVIDEO
676,9,FONTIBON,6308,URBANO,FRANCO
677,9,FONTIBON,6311,URBANO,MODELIA
678,9,FONTIBON,6312,URBANO,MODELIA OCCIDENTAL
679,9,FONTIBON,6313,URBANO,SALITRE OCCIDENTAL
680,9,FONTIBON,6315,URBANO,LA ESPERANZA SUR
681,9,FONTIBON,6316,URBANO,BOSQUE DE MODELIA
682,9,FONTIBON,6319,URBANO,TERMINAL DE TRANSPORTES
683,9,FONTIBON,6320,URBANO,CIUDAD HAYUELOS
684,9,FONTIBON,6401,URBANO,VERSALLES FONTIBON
685,9,FONTIBON,6402,URBANO,LA CABANA FONTIBON
686,9,FONTIBON,6403,URBANO,SAN JOSE DE FONTIBON
687,9,FONTIBON,6404,URBANO,PUERTA DE TEJA
688,9,FONTIBON,6405,URBANO,FERROCAJA FONTIBON
689,9,FONTIBON,6406,URBANO,VILLEMAR
690,9,FONTIBON,6407,URBANO,GUADUAL FONTIBON
691,9,FONTIBON,6408,URBANO,EL CARMEN FONTIBON
692,9,FONTIBON,6409,URBANO,BELEN FONTIBON
693,9,FONTIBON,6410,URBANO,CENTRO FONTIBON
694,9,FONTIBON,6411,URBANO,CHARCO URBANO
695,9,FONTIBON,6413,URBANO,SAN PABLO JERICO
696,9,FONTIBON,6414,URBANO,BRISAS ALDEA FONTIBON
697,9,FONTIBON,6415,URBANO,LA LAGUNA FONTIBON
698,9,FONTIBON,6416,URBANO,ATAHUALPA
699,9,FONTIBON,6417,URBANO,VILLA CARMENZA
700,9,FONTIBON,6418,URBANO,PUENTE GRANDE
701,9,FONTIBON,6419,URBANO,EL REFUGIO
702,9,FONTIBON,6420,URBANO,LA GIRALDA
703,9,FONTIBON,6423,URBANO,EL TINTAL CENTRAL
704,8,KENNEDY,6501,URBANO,COOPERATIVA DE SUB-OFICIALES
705,8,KENNEDY,6502,URBANO,MARSELLA
706,8,KENNEDY,6503,URBANO,VISION DE ORIENTE
707,8,KENNEDY,6504,URBANO,BAVARIA
708,8,KENNEDY,6505,URBANO,PIO XII
709,8,KENNEDY,6506,URBANO,CASTILLA
710,8,KENNEDY,6507,URBANO,NUEVO TECHO
711,8,KENNEDY,6508,URBANO,LAS DOS AVENIDAS
712,8,KENNEDY,6509,URBANO,LUSITANIA
713,8,KENNEDY,6510,URBANO,VILLA ALSACIA II
714,8,KENNEDY,6511,URBANO,LA PAMPA
715,8,KENNEDY,6512,URBANO,VILLA ALSACIA
716,8,KENNEDY,6514,URBANO,VERGEL OCCIDENTAL
717,8,KENNEDY,6515,URBANO,VALLADOLID
718,8,KENNEDY,6516,URBANO,TINTALA
719,8,KENNEDY,6517,URBANO,MARIA PAZ
720,8,KENNEDY,6518,URBANO,OSORIO III
721,9,FONTIBON,6519,URBANO,MORAVIA
722,9,FONTIBON,6520,URBANO,ZONA FRANCA
723,9,FONTIBON,6521,URBANO,SABANA GRANDE
724,9,FONTIBON,6522,URBANO,EL TINTAL II
725,9,FONTIBON,6523,URBANO,SAN PEDRO DE LOS ROBLES
726,8,KENNEDY,6524,URBANO,LA MAGDALENA
727,9,FONTIBON,6525,URBANO,EL CHANCO I
728,9,FONTIBON,6527,URBANO,INTERINDUSTRIAL
729,8,KENNEDY,6528,URBANO,EL VERGEL
730,8,KENNEDY,6529,URBANO,EL VERGEL ORIENTAL
731,8,KENNEDY,6531,URBANO,CIUDAD TECHO II
732,9,FONTIBON,6532,URBANO,KASANDRA
733,8,KENNEDY,6533,URBANO,EL TINTAL III
734,8,KENNEDY,6534,URBANO,EL TINTAL IV
735,13,TEUSAQUILLO,7101,URBANO,LA SOLEDAD
736,13,TEUSAQUILLO,7102,URBANO,SANTA TERESITA
737,13,TEUSAQUILLO,7103,URBANO,LA MAGDALENA
738,13,TEUSAQUILLO,7104,URBANO,TEUSAQUILLO
739,13,TEUSAQUILLO,7105,URBANO,ARMENIA
740,13,TEUSAQUILLO,7106,URBANO,ESTRELLA
741,13,TEUSAQUILLO,7107,URBANO,LAS AMERICAS
742,13,TEUSAQUILLO,7201,URBANO,CAMPIN
743,13,TEUSAQUILLO,7202,URBANO,SAN LUIS
744,13,TEUSAQUILLO,7203,URBANO,CHAPINERO OCCIDENTAL
745,13,TEUSAQUILLO,7204,URBANO,QUESADA
746,13,TEUSAQUILLO,7205,URBANO,PALERMO
747,13,TEUSAQUILLO,7206,URBANO,BELALCAZAR
748,13,TEUSAQUILLO,7207,URBANO,GALERIAS
749,13,TEUSAQUILLO,7208,URBANO,BANCO CENTRAL
750,13,TEUSAQUILLO,7209,URBANO,ALFONSO LOPEZ
751,12,BARRIOS UNIDOS,7301,URBANO,LA MERCED NORTE
752,12,BARRIOS UNIDOS,7302,URBANO,ALCAZARES
753,12,BARRIOS UNIDOS,7303,URBANO,COLOMBIA
754,12,BARRIOS UNIDOS,7304,URBANO,CONCEPCION NORTE
755,12,BARRIOS UNIDOS,7305,URBANO,LA ESPERANZA
756,12,BARRIOS UNIDOS,7306,URBANO,BAQUERO
757,12,BARRIOS UNIDOS,7307,URBANO,MUEQUETA
758,12,BARRIOS UNIDOS,7308,URBANO,QUINTA MUTIS
759,12,BARRIOS UNIDOS,7309,URBANO,BENJAMIN HERRERA
760,12,BARRIOS UNIDOS,7310,URBANO,LA PAZ
761,12,BARRIOS UNIDOS,7311,URBANO,SIETE DE AGOSTO
762,12,BARRIOS UNIDOS,7312,URBANO,RAFAEL URIBE
763,12,BARRIOS UNIDOS,7401,URBANO,POLO CLUB
764,12,BARRIOS UNIDOS,7402,URBANO,JUAN XXIII
765,12,BARRIOS UNIDOS,7403,URBANO,SAN FELIPE
766,12,BARRIOS UNIDOS,7404,URBANO,ALCAZARES NORTE
767,12,BARRIOS UNIDOS,7405,URBANO,ONCE DE NOVIEMBRE
768,12,BARRIOS UNIDOS,7406,URBANO,SANTA SOFIA
769,12,BARRIOS UNIDOS,7407,URBANO,LA AURORA
770,3,SANTA FE,8101,URBANO,SAGRADO CORAZON
771,3,SANTA FE,8102,URBANO,PARQUE NACIONAL
772,3,SANTA FE,8103,URBANO,LA MERCED
773,3,SANTA FE,8104,URBANO,LA PERSEVERANCIA
774,3,SANTA FE,8105,URBANO,LA MACARENA
775,3,SANTA FE,8106,URBANO,BOSQUE IZQUIERDO
776,3,SANTA FE,8107,URBANO,SAN DIEGO
777,3,SANTA FE,8108,URBANO,SAMPER
778,3,SANTA FE,8109,URBANO,SAN MARTIN
779,2,CHAPINERO,8110,URBANO,EL PARAISO
780,2,CHAPINERO,8111,URBANO,CATALUNA
781,2,CHAPINERO,8112,URBANO,SUCRE
782,3,SANTA FE,8114,URBANO,PARQUE NACIONAL URBANO
783,2,CHAPINERO,8201,URBANO,QUINTA CAMACHO
784,2,CHAPINERO,8202,URBANO,EMAUS
785,2,CHAPINERO,8203,URBANO,LAS ACACIAS
786,2,CHAPINERO,8204,URBANO,GRANADA
787,2,CHAPINERO,8205,URBANO,MARIA CRISTINA
788,2,CHAPINERO,8206,URBANO,LA SALLE
789,2,CHAPINERO,8207,URBANO,BOSQUE CALDERON
790,2,CHAPINERO,8208,URBANO,PARDO RUBIO
791,2,CHAPINERO,8211,URBANO,JUAN XXIII
792,2,CHAPINERO,8212,URBANO,MARLY
793,2,CHAPINERO,8213,URBANO,CHAPINERO CENTRAL
794,2,CHAPINERO,8214,URBANO,CHAPINERO NORTE
795,2,CHAPINERO,8215,URBANO,INGEMAR
796,2,CHAPINERO,8218,URBANO,INGEMAR ORIENTAL
797,2,CHAPINERO,8220,URBANO,SIBERIA CENTRAL
798,2,CHAPINERO,8221,URBANO,SIBERIA URBANO
799,2,CHAPINERO,8301,URBANO,CHICO NORTE II SECTOR
800,2,CHAPINERO,8302,URBANO,SEMINARIO
801,2,CHAPINERO,8303,URBANO,EL REFUGIO
802,2,CHAPINERO,8304,URBANO,LOS ROSALES
803,2,CHAPINERO,8305,URBANO,BELLAVISTA
804,2,CHAPINERO,8306,URBANO,PORCIUNCULA
805,2,CHAPINERO,8307,URBANO,CHICO NORTE
806,2,CHAPINERO,8308,URBANO,EL CHICO
807,2,CHAPINERO,8309,URBANO,LA CABRERA
808,2,CHAPINERO,8310,URBANO,EL RETIRO
809,2,CHAPINERO,8311,URBANO,EL NOGAL
810,2,CHAPINERO,8312,URBANO,ESPARTILLAL
811,2,CHAPINERO,8313,URBANO,LAGO GAITAN
812,2,CHAPINERO,8314,URBANO,ANTIGUO COUNTRY
813,2,CHAPINERO,8315,URBANO,CHICO NORTE III SECTOR
814,2,CHAPINERO,8316,URBANO,SAN LUIS ALTOS DEL CABO
815,2,CHAPINERO,8317,URBANO,SAN ISIDRO
816,2,CHAPINERO,8319,URBANO,EL BAGAZAL
817,1,USAQUEN,8401,URBANO,LA CALLEJA
818,1,USAQUEN,8402,URBANO,COUNTRY CLUB
819,1,USAQUEN,8403,URBANO,LA CAROLINA
820,1,USAQUEN,8404,URBANO,BELLA SUIZA
821,1,USAQUEN,8405,URBANO,GINEBRA
822,1,USAQUEN,8406,URBANO,SAN GABRIEL NORTE
823,1,USAQUEN,8407,URBANO,USAQUEN
824,1,USAQUEN,8408,URBANO,SANTA ANA
825,1,USAQUEN,8409,URBANO,ESCUELA DE CABALLERIA I
826,1,USAQUEN,8410,URBANO,ESCUELA DE INFANTERIA
827,1,USAQUEN,8411,URBANO,RINCON DEL CHICO
828,1,USAQUEN,8412,URBANO,SANTA BIBIANA
829,1,USAQUEN,8413,URBANO,SANTA BARBARA ORIENTAL
830,1,USAQUEN,8414,URBANO,SANTA ANA OCCIDENTAL
831,1,USAQUEN,8415,URBANO,SANTA BARBARA CENTRAL
832,1,USAQUEN,8416,URBANO,MOLINOS NORTE
833,1,USAQUEN,8417,URBANO,SANTA BARBARA OCCIDENTAL
834,1,USAQUEN,8418,URBANO,SAN PATRICIO
835,1,USAQUEN,8419,URBANO,ESCUELA DE CABALLERIA II
836,1,USAQUEN,8420,URBANO,PARAMO URBANO I
837,1,USAQUEN,8422,URBANO,PARAMO URBANO III
838,1,USAQUEN,8424,URBANO,SEGUNDO CONTADOR
839,1,USAQUEN,8425,URBANO,GINEBRA II
840,1,USAQUEN,8426,URBANO,SAN GABRIEL NORTE II
841,1,USAQUEN,8501,URBANO,EL TOBERIN
842,1,USAQUEN,8502,URBANO,LA PRADERA NORTE
843,1,USAQUEN,8503,URBANO,SANTA TERESA
844,1,USAQUEN,8504,URBANO,LA CITA
845,1,USAQUEN,8505,URBANO,SAN CRISTOBAL NORTE
846,1,USAQUEN,8506,URBANO,BARRANCAS NORTE
847,1,USAQUEN,8507,URBANO,BARRANCAS
848,1,USAQUEN,8508,URBANO,CEDRO SALAZAR
849,1,USAQUEN,8509,URBANO,LOS CEDROS ORIENTAL
850,1,USAQUEN,8510,URBANO,ACACIAS USAQUEN
851,1,USAQUEN,8511,URBANO,CEDRO NARVAEZ
852,1,USAQUEN,8512,URBANO,CEDRITOS
853,1,USAQUEN,8513,URBANO,LISBOA
854,1,USAQUEN,8514,URBANO,EL CONTADOR
855,1,USAQUEN,8515,URBANO,LOS CEDROS
856,1,USAQUEN,8516,URBANO,LAS ORQUIDEAS
857,1,USAQUEN,8517,URBANO,LA LIBERIA
858,1,USAQUEN,8518,URBANO,CAOBOS SALAZAR
859,1,USAQUEN,8519,URBANO,ESTRELLA DEL NORTE
860,1,USAQUEN,8520,URBANO,BOSQUE DE PINOS
861,1,USAQUEN,8521,URBANO,TIBABITA
862,1,USAQUEN,8522,URBANO,EL ROCIO NORTE
863,1,USAQUEN,8523,URBANO,SAN ANTONIO NORTE
864,1,USAQUEN,8524,URBANO,LA GRANJA NORTE
865,1,USAQUEN,8525,URBANO,LA URIBE
866,1,USAQUEN,8526,URBANO,EL VERVENAL
867,1,USAQUEN,8527,URBANO,EL CEREZO
868,1,USAQUEN,8528,URBANO,SAN ANTONIO NOROCCIDENTAL
869,1,USAQUEN,8529,URBANO,SAN JOSE DE USAQUEN
870,1,USAQUEN,8530,URBANO,LAS MARGARITAS
871,1,USAQUEN,8532,URBANO,EL REDIL
872,1,USAQUEN,8533,URBANO,HORIZONTES NORTE
873,1,USAQUEN,8535,URBANO,BUENAVISTA
874,1,USAQUEN,8536,URBANO,BOSQUE DE PINOS I
875,1,USAQUEN,8537,URBANO,VERBENAL SAN ANTONIO
876,1,USAQUEN,8538,URBANO,BOSQUE DE PINOS III
877,1,USAQUEN,8539,URBANO,TORCA I
878,1,USAQUEN,8540,URBANO,LA ESTRELLITA I
879,1,USAQUEN,8541,URBANO,TORCA II
880,1,USAQUEN,8542,URBANO,TIBABITA
881,1,USAQUEN,8543,URBANO,SANTA CECILIA PUENTE NORTE
882,1,USAQUEN,8544,URBANO,CANAIMA
883,1,USAQUEN,8545,URBANO,MIRADOR DEL NORTE
884,1,USAQUEN,8547,URBANO,LA ESTRELLITA III
885,11,SUBA,9101,URBANO,GRANADA NORTE
886,11,SUBA,9102,URBANO,BRITALIA
887,11,SUBA,9103,URBANO,CANTAGALLO
888,11,SUBA,9104,URBANO,VICTORIA NORTE
889,11,SUBA,9105,URBANO,PRADO PINZON
890,11,SUBA,9106,URBANO,SAN JOSE DEL PRADO
891,11,SUBA,9107,URBANO,PRADO VERANIEGO
892,11,SUBA,9108,URBANO,CIUDAD JARDIN NORTE
893,11,SUBA,9109,URBANO,NIZA SUR
894,11,SUBA,9110,URBANO,MAZUREN
895,11,SUBA,9111,URBANO,MONACO
896,11,SUBA,9112,URBANO,NIZA SUBA
897,11,SUBA,9113,URBANO,SAN JOSE DE BAVARIA
898,11,SUBA,9114,URBANO,GILMAR
899,11,SUBA,9115,URBANO,IBERIA
900,11,SUBA,9116,URBANO,PRADO VERANIEGO NORTE
901,11,SUBA,9117,URBANO,PRADO VERANIEGO SUR
902,11,SUBA,9118,URBANO,BATAN
903,11,SUBA,9119,URBANO,ATENAS
904,11,SUBA,9120,URBANO,NUEVA ZELANDIA
905,11,SUBA,9121,URBANO,CLUB DE LOS LAGARTOS
906,11,SUBA,9122,URBANO,LAS VILLAS
907,11,SUBA,9123,URBANO,NIZA NORTE
908,11,SUBA,9124,URBANO,PUENTE LARGO
909,11,SUBA,9125,URBANO,PASADENA
910,11,SUBA,9126,URBANO,ESTORIL
911,11,SUBA,9127,URBANO,ANDES NORTE
912,11,SUBA,9128,URBANO,EL PLAN
913,11,SUBA,9129,URBANO,VILLA DEL PRADO
914,11,SUBA,9130,URBANO,CANODROMO
915,11,SUBA,9131,URBANO,SANTA HELENA
916,11,SUBA,9132,URBANO,ESCUELA DE CARABINEROS
917,11,SUBA,9133,URBANO,MIRANDELA
918,11,SUBA,9134,URBANO,SAN JOSE V SECTOR
919,11,SUBA,9135,URBANO,PORTALES DEL NORTE
920,11,SUBA,9136,URBANO,CASABLANCA SUBA URBANO
921,11,SUBA,9138,URBANO,CASABLANCA SUBA URBANO I
922,11,SUBA,9139,URBANO,CASABLANCA SUBA URBANO II
923,11,SUBA,9140,URBANO,NUESTRA SENORA DEL ROSARIO
924,11,SUBA,9141,URBANO,LA CANDELARIA
925,11,SUBA,9142,URBANO,CONEJERA
926,11,SUBA,9201,URBANO,LOS NARANJOS
927,11,SUBA,9202,URBANO,EL RINCON
928,11,SUBA,9203,URBANO,PUERTA DEL SOL
929,11,SUBA,9204,URBANO,EL RINCON NORTE
930,11,SUBA,9205,URBANO,AURES
931,11,SUBA,9206,URBANO,AURES II
932,11,SUBA,9207,URBANO,VILLA ELISA
933,11,SUBA,9208,URBANO,COSTA AZUL
934,11,SUBA,9209,URBANO,VILLA MARIA
935,11,SUBA,9210,URBANO,LAS FLORES
936,11,SUBA,9211,URBANO,EL POA
937,11,SUBA,9212,URBANO,SUBA URBANO
938,11,SUBA,9213,URBANO,EL PINO
939,11,SUBA,9214,URBANO,TUNA ALTA
940,11,SUBA,9215,URBANO,CASABLANCA SUBA
941,11,SUBA,9216,URBANO,LA GAITANA
942,11,SUBA,9217,URBANO,RINCON DE SANTA INES
943,11,SUBA,9218,URBANO,ALMIRANTE COLON
944,11,SUBA,9219,URBANO,CAMPANELLA
945,11,SUBA,9220,URBANO,LAGO DE SUBA
946,11,SUBA,9221,URBANO,LA CHUCUA
947,11,SUBA,9222,URBANO,ALTOS DE CHOZICA
948,11,SUBA,9223,URBANO,TTES DE COLOMBIA
949,11,SUBA,9224,URBANO,NUEVA TIBABUYES
950,11,SUBA,9225,URBANO,TIBABUYES UNIVERSAL
951,11,SUBA,9226,URBANO,SALITRE SUBA
952,11,SUBA,9227,URBANO,LECH WALESA
953,11,SUBA,9228,URBANO,LOMBARDIA
954,11,SUBA,9229,URBANO,TOSCANA
955,11,SUBA,9230,URBANO,SAN CAYETANO
956,11,SUBA,9231,URBANO,SUBA CERROS
957,11,SUBA,9232,URBANO,SABANA DE TIBABUYES
958,11,SUBA,9233,URBANO,TIBABUYES
959,11,SUBA,9234,URBANO,SABANA DE TIBABUYES NORTE
960,11,SUBA,9235,URBANO,CIUDAD HUNZA
961,11,SUBA,9236,URBANO,LA CAROLINA DE SUBA
962,11,SUBA,9237,URBANO,RINCON DE SUBA
963,11,SUBA,9238,URBANO,SANTA TERESA DE SUBA
964,11,SUBA,9239,URBANO,LAS MERCEDES SUBA
965,11,SUBA,9240,URBANO,POTRERILLO
966,11,SUBA,9241,URBANO,BOSQUES DE SAN JORGE
967,11,SUBA,9242,URBANO,TUNA BAJA
968,11,SUBA,9243,URBANO,LAS MERCEDES I
969,11,SUBA,9244,URBANO,VILLA HERMOSA
970,11,SUBA,9245,URBANO,PINOS DE LOMBARDIA
971,11,SUBA,9246,URBANO,DELMONTE
972,11,SUBA,9247,URBANO,IRAGUA
973,11,SUBA,9248,URBANO,TIBABUYES II
974,11,SUBA,9249,URBANO,VEREDA SUBA NARANJOS
975,11,SUBA,9250,URBANO,TIBABUYES OCCIDENTAL
976,11,SUBA,9251,URBANO,SAN CARLOS DE SUBA
977,11,SUBA,9252,URBANO,BILBAO
978,11,SUBA,9253,URBANO,SAN PEDRO
979,11,SUBA,9254,URBANO,LISBOA
980,11,SUBA,9255,URBANO,SANTA RITA DE SUBA
981,11,SUBA,9256,URBANO,SANTA CECILIA
982,11,SUBA,9257,URBANO,TIBABUYES
983,11,SUBA,9258,URBANO,CASA BLANCA SUBA I
984,11,SUBA,9259,URBANO,BERLIN
985,11,SUBA,9260,URBANO,ALTOS DE SUBA
986,11,SUBA,9261,URBANO,TUNA
987,11,SUBA,9262,URBANO,LA GAITANA ORIENTAL
988,11,SUBA,9263,URBANO,VILLA ALCAZAR
989,11,SUBA,9265,URBANO,VEREDA SUBA CERROS II
990,11,SUBA,9266,URBANO,RINCON ALTAMAR
991,11,SUBA,9267,URBANO,VILLA MARIA I
992,2,CHAPINERO,101101,RURAL,EL BAGAZAL
993,2,CHAPINERO,101103,RURAL,INGEMAR ORIENTAL RURAL
994,2,CHAPINERO,101110,RURAL,PARAMO I RURAL
995,3,SANTA FE,101201,RURAL,HOYA TEUSACA
996,4,SAN CRISTOBAL,101301,RURAL,HOYA SAN CRISTOBAL
997,4,SAN CRISTOBAL,101302,RURAL,MOLINO RURAL
998,5,USME,101306,RURAL,TIBAQUE
999,5,USME,101307,RURAL,TIHUAQUE RURAL
1000,4,SAN CRISTOBAL,101308,RURAL,CHIGUAZA RURAL
1001,4,SAN CRISTOBAL,101309,RURAL,LA ARBOLEDA RURAL
1002,4,SAN CRISTOBAL,101405,RURAL,PARQUE NACIONAL ORIENTAL
1003,2,CHAPINERO,101502,RURAL,SIBERIA
1004,5,USME,102110,RURAL,EL PORVENIR DE LOS SOCHES
1005,5,USME,102111,RURAL,LOS ARRAYANES
1006,5,USME,102112,RURAL,EL HATO
1007,5,USME,102113,RURAL,LAS MARGARITAS
1008,5,USME,102114,RURAL,LOS ANDES
1009,5,USME,102115,RURAL,LA UNION
1010,5,USME,102116,RURAL,CHISACA
1011,5,USME,102118,RURAL,LAS VIOLETAS RURAL
1012,5,USME,102122,RURAL,LA REQUILINA RURAL
1013,5,USME,102211,RURAL,LILIANA
1014,5,USME,102309,RURAL,EL BOSQUE SUR ORIENTAL
1015,5,USME,102310,RURAL,EL BOSQUE SUR ORIENTAL RURAL I
1016,5,USME,102312,RURAL,CIUDAD LONDRES RURAL
1017,5,USME,102401,RURAL,LOS ARRAYANES
1018,5,USME,102405,RURAL,PEPINITOS
1019,5,USME,102406,RURAL,EL BOSQUE CENTRAL
1020,5,USME,102407,RURAL,TIBAQUE SUR
1021,5,USME,102412,RURAL,TOCAIMITA SUR
1022,5,USME,102502,RURAL,EL UVAL RURAL
1023,5,USME,102506,RURAL,PORTAL RURAL II
1024,5,USME,102601,RURAL,CENTRO USME RURAL
1025,5,USME,102602,RURAL,CENTRO USME RURAL I
1026,5,USME,102603,RURAL,CENTRO USME RURAL II
1027,5,USME,102604,RURAL,LA REQUILINA RURAL II
1028,5,USME,102707,RURAL,OLARTE
1029,5,USME,102808,RURAL,LA REGADERA
1030,5,USME,102909,RURAL,SAN BENITO
1031,5,USME,102910,RURAL,ARRAYAN
1032,5,USME,102911,RURAL,CURUBITAL
1033,20,SUMAPAZ,103101,RURAL,SANTA ROSA ALTA
1034,20,SUMAPAZ,103102,RURAL,TAQUECITOS
1035,20,SUMAPAZ,103103,RURAL,SANTA ROSA BAJA
1036,20,SUMAPAZ,103104,RURAL,LAS ANIMAS
1037,20,SUMAPAZ,103105,RURAL,LAS AURAS
1038,20,SUMAPAZ,103106,RURAL,NAZARETH
1039,20,SUMAPAZ,103107,RURAL,LAS PALMAS
1040,20,SUMAPAZ,103108,RURAL,LOS RIOS
1041,20,SUMAPAZ,103109,RURAL,LAS SOPAS
1042,20,SUMAPAZ,103201,RURAL,BETANIA
1043,20,SUMAPAZ,103202,RURAL,EL ITSMO
1044,20,SUMAPAZ,103203,RURAL,EL TABACO
1045,20,SUMAPAZ,103204,RURAL,LAGUNA VERDE
1046,20,SUMAPAZ,103205,RURAL,RAIZAL
1047,20,SUMAPAZ,103206,RURAL,PENALISA
1048,19,CIUDAD BOLIVAR,104102,RURAL,PASQUILLITA
1049,19,CIUDAD BOLIVAR,104104,RURAL,PASQUILLA
1050,19,CIUDAD BOLIVAR,104107,RURAL,BELLA FLOR SUR
1051,19,CIUDAD BOLIVAR,104108,RURAL,LAS MERCEDES
1052,19,CIUDAD BOLIVAR,104110,RURAL,QUIBA BAJO
1053,19,CIUDAD BOLIVAR,104112,RURAL,SANTA ROSA
1054,19,CIUDAD BOLIVAR,104113,RURAL,SANTA BARBARA
1055,19,CIUDAD BOLIVAR,104114,RURAL,QUIBA ALTO
1056,19,CIUDAD BOLIVAR,104118,RURAL,CIUDAD BOLIVAR RURAL III
1057,19,CIUDAD BOLIVAR,104119,RURAL,CIUDAD BOLIVAR RURAL I
1058,19,CIUDAD BOLIVAR,104127,RURAL,EL MOCHUELO IV
1059,19,CIUDAD BOLIVAR,104128,RURAL,EL MOCHUELO III
1060,19,CIUDAD BOLIVAR,104129,RURAL,EL MOCHUELO II
1061,19,CIUDAD BOLIVAR,104130,RURAL,BRAZUELOS OCCIDENTAL RURAL
1062,19,CIUDAD BOLIVAR,104131,RURAL,MOCHUELO ALTO RURAL
1063,8,KENNEDY,105103,RURAL,SAN PEDRO
1064,9,FONTIBON,105104,RURAL,EL TINTAL
1065,8,KENNEDY,105105,RURAL,VEREDA EL TINTAL RURAL
1066,8,KENNEDY,105203,RURAL,OSORIO II
1067,7,BOSA,105210,RURAL,OSORIO X
1068,7,BOSA,105223,RURAL,OSORIO XXIII
1069,7,BOSA,105314,RURAL,EL CORZO RURAL
1070,7,BOSA,105318,RURAL,S.BERNARDINO XVIII
1071,7,BOSA,105325,RURAL,SAN BERNARDINO XXV
1072,9,FONTIBON,105401,RURAL,EL CHANCO RURAL II
1073,9,FONTIBON,105402,RURAL,CHARCO RURAL
1074,9,FONTIBON,105403,RURAL,EL CHANCO RURAL III
1075,10,ENGATIVA,106201,RURAL,EL PANTANO
1076,10,ENGATIVA,106301,RURAL,ENGATIVA EL DORADO
1077,1,USAQUEN,108101,RURAL,TORCA RURAL I
1078,1,USAQUEN,108102,RURAL,TIBABITA RURAL
1079,1,USAQUEN,108103,RURAL,BARRANCAS ORIENTAL RURAL
1080,1,USAQUEN,108104,RURAL,PARAMO
1081,1,USAQUEN,108108,RURAL,PARAMO II
1082,1,USAQUEN,108109,RURAL,PARAMO I
1083,1,USAQUEN,108111,RURAL,TIBABITA RURAL I
1084,1,USAQUEN,108112,RURAL,PARAMO II RURAL
1085,1,USAQUEN,108113,RURAL,BOSQUE DE PINOS III RURAL
1086,1,USAQUEN,108114,RURAL,PARAMO III RURAL
1087,20,SUMAPAZ,109101,RURAL,EL TOLDO
1088,20,SUMAPAZ,109102,RURAL,SAN ANTONIO
1089,20,SUMAPAZ,109103,RURAL,LAS VEGAS
1090,20,SUMAPAZ,109104,RURAL,SAN JUAN
1091,20,SUMAPAZ,109105,RURAL,SANTO DOMINGO
1092,20,SUMAPAZ,109106,RURAL,LA UNION
1093,20,SUMAPAZ,109107,RURAL,CHORRERAS
1094,20,SUMAPAZ,109109,RURAL,TUNAL ALTO
1095,20,SUMAPAZ,109110,RURAL,CONCEPCION
1096,20,SUMAPAZ,109111,RURAL,SAN JOSE
1097,20,SUMAPAZ,109112,RURAL,CAPITOLIO
1098,20,SUMAPAZ,109113,RURAL,LAGUNITAS
1099,20,SUMAPAZ,109114,RURAL,TUNAL BAJO
1100,20,SUMAPAZ,109116,RURAL,NUEVA GRANADA
1101,20,SUMAPAZ,203106,RURAL CAR. URBANAS,NAZARETH URBANO
1102,20,SUMAPAZ,204104,RURAL CAR. URBANAS,PASQUILLA
1103,7,BOSA,205322,RURAL CAR. URBANAS,CAMPO VERDE
1104,2,CHAPINERO,208110,RURAL CAR. URBANAS,SAN LUIS ALTOS DEL CABO
1105,2,CHAPINERO,208111,RURAL CAR. URBANAS,SAN ISIDRO
1106,20,SUMAPAZ,209104,RURAL CAR. URBANAS,SAN JUAN URBANO
1107,20,SUMAPAZ,209106,RURAL CAR. URBANAS,LA UNION URBANO
